,PGA [m/s2],Sa [m/s2],East - local,West - local,North - local,South - local,East - macro,West - macro,North - macro,South - macro,Global
000055XA_Sa_0.1g,0.4623426515820406,0.9810000000000001,0.0,0.0,0.0,0.0,0.0,0.0,0.0,0.0,0
000055XA_Sa_0.2g,0.9246853031640812,1.9620000000000002,0.0,0.0,0.0,0.0,0.0,0.0,0.0,0.0,0
000055XA_Sa_0.3g,1.3870279547461217,2.943,0.0,0.0,0.0,0.0,0.0,0.0,0.0,0.0,1
000055XA_Sa_0.4g,1.8493706063281623,3.9240000000000004,0.0,0.0,0.0,0.0,0.0,0.0,0.0,0.0,1
000055XA_Sa_0.5g,2.3117132579102027,4.905,0.0,0.0,0.0,0.0,0.0,0.0,0.0,0.0,2
000055XA_Sa_0.6g,2.7740559094922435,5.886,2.0,2.0,0.0,0.0,0.0,3.0,0.0,0.0,2
000055XA_Sa_0.7g,3.236398561074284,6.867,4.0,4.0,2.0,2.0,4.0,4.0,0.0,0.0,2
000055XA_Sa_0.8g,3.6987412126563246,7.848000000000001,4.0,4.0,3.0,2.0,4.0,4.0,0.0,0.0,2
000055XA_Sa_0.9g,4.161083864238365,8.829,4.0,4.0,3.0,4.0,4.0,4.0,0.0,3.0,2
000055XA_Sa_1.0g,4.623426515820405,9.81,4.0,4.0,2.0,3.0,4.0,4.0,0.0,1.0,2
000055XA_Sa_1.1g,5.085769167402447,10.791000000000002,4.0,4.0,2.0,4.0,4.0,4.0,0.0,3.0,3
000055XA_Sa_1.2g,5.548111818984487,11.772,4.0,4.0,3.0,3.0,4.0,4.0,0.0,2.0,2
000055XA_Sa_1.3g,6.010454470566527,12.753000000000002,4.0,4.0,4.0,4.0,4.0,4.0,4.0,3.0,2
000055XA_Sa_1.4g,6.472797122148568,13.734,4.0,4.0,4.0,3.0,4.0,4.0,4.0,3.0,2
000055XA_Sa_1.5g,6.935139773730609,14.715,4.0,4.0,4.0,4.0,4.0,4.0,4.0,4.0,3
000120XA_Sa_0.1g,0.6219918990968363,0.9810000000000001,0.0,0.0,0.0,0.0,0.0,0.0,0.0,0.0,0
000120XA_Sa_0.2g,1.2439837981936726,1.9620000000000002,0.0,0.0,0.0,0.0,0.0,0.0,0.0,0.0,1
000120XA_Sa_0.3g,1.8659756972905086,2.943,0.0,0.0,0.0,0.0,0.0,0.0,0.0,0.0,1
000120XA_Sa_0.4g,2.487967596387345,3.9240000000000004,0.0,0.0,0.0,0.0,0.0,0.0,0.0,0.0,1
000120XA_Sa_0.5g,3.109959495484181,4.905,0.0,0.0,0.0,0.0,0.0,0.0,0.0,0.0,2
000120XA_Sa_0.6g,3.731951394581017,5.886,0.0,0.0,0.0,0.0,0.0,1.0,0.0,0.0,2
000120XA_Sa_0.7g,4.353943293677853,6.867,2.0,0.0,0.0,0.0,0.0,2.0,0.0,0.0,2
000120XA_Sa_0.8g,4.97593519277469,7.848000000000001,2.0,0.0,0.0,0.0,0.0,2.0,0.0,0.0,2
000120XA_Sa_0.9g,5.597927091871527,8.829,2.0,0.0,0.0,2.0,0.0,2.0,0.0,0.0,2
000120XA_Sa_1.0g,6.219918990968362,9.81,2.0,2.0,0.0,2.0,0.0,3.0,0.0,0.0,2
000120XA_Sa_1.1g,6.841910890065199,10.791000000000002,2.0,2.0,0.0,2.0,0.0,3.0,0.0,0.0,3
000120XA_Sa_1.2g,7.463902789162034,11.772,2.0,2.0,2.0,3.0,0.0,3.0,0.0,0.0,3
000120XA_Sa_1.3g,8.08589468825887,12.753000000000002,2.0,3.0,2.0,3.0,0.0,4.0,0.0,0.0,3
000120XA_Sa_1.4g,8.707886587355706,13.734,4.0,4.0,2.0,3.0,0.0,4.0,0.0,0.0,4
000120XA_Sa_1.5g,9.329878486452543,14.715,3.0,4.0,3.0,3.0,3.0,4.0,0.0,0.0,4
000123XA_Sa_0.1g,0.46808206253998325,0.9810000000000001,0.0,0.0,0.0,0.0,0.0,0.0,0.0,0.0,0
000123XA_Sa_0.2g,0.9361641250799665,1.9620000000000002,0.0,0.0,0.0,0.0,0.0,0.0,0.0,0.0,1
000123XA_Sa_0.3g,1.4042461876199497,2.943,0.0,0.0,0.0,0.0,0.0,0.0,0.0,0.0,1
000123XA_Sa_0.4g,1.872328250159933,3.9240000000000004,2.0,0.0,0.0,0.0,0.0,2.0,0.0,0.0,2
000123XA_Sa_0.5g,2.340410312699916,4.905,2.0,2.0,0.0,2.0,0.0,3.0,0.0,0.0,2
000123XA_Sa_0.6g,2.8084923752398994,5.886,3.0,3.0,0.0,3.0,0.0,3.0,0.0,0.0,3
000123XA_Sa_0.7g,3.2765744377798827,6.867,4.0,3.0,0.0,4.0,0.0,4.0,0.0,0.0,3
000123XA_Sa_0.8g,3.744656500319866,7.848000000000001,4.0,3.0,0.0,4.0,2.0,4.0,0.0,0.0,4
000123XA_Sa_0.9g,4.212738562859849,8.829,4.0,4.0,2.0,4.0,4.0,4.0,0.0,0.0,4
000123XA_Sa_1.0g,4.680820625399832,9.81,4.0,4.0,3.0,4.0,4.0,4.0,0.0,0.0,4
000123XA_Sa_1.1g,5.148902687939817,10.791000000000002,4.0,4.0,4.0,4.0,4.0,4.0,0.0,3.0,4
000123XA_Sa_1.2g,5.616984750479799,11.772,4.0,4.0,4.0,4.0,4.0,4.0,0.0,4.0,4
000123XA_Sa_1.3g,6.0850668130197825,12.753000000000002,4.0,4.0,4.0,4.0,4.0,4.0,0.0,4.0,4
000123XA_Sa_1.4g,6.553148875559765,13.734,4.0,4.0,4.0,4.0,4.0,4.0,0.0,4.0,4
000123XA_Sa_1.5g,7.021230938099749,14.715,4.0,4.0,4.0,4.0,4.0,4.0,0.0,4.0,4
000126XA_Sa_0.1g,0.4539223391801598,0.9810000000000001,0.0,0.0,0.0,0.0,0.0,0.0,0.0,0.0,0
000126XA_Sa_0.2g,0.9078446783603196,1.9620000000000002,0.0,0.0,0.0,0.0,0.0,0.0,0.0,0.0,0
000126XA_Sa_0.3g,1.3617670175404792,2.943,0.0,0.0,0.0,0.0,0.0,0.0,0.0,0.0,1
000126XA_Sa_0.4g,1.8156893567206391,3.9240000000000004,0.0,0.0,0.0,0.0,0.0,0.0,0.0,0.0,1
000126XA_Sa_0.5g,2.269611695900799,4.905,0.0,0.0,0.0,0.0,0.0,0.0,0.0,0.0,2
000126XA_Sa_0.6g,2.7235340350809585,5.886,0.0,0.0,0.0,0.0,0.0,1.0,0.0,0.0,2
000126XA_Sa_0.7g,3.1774563742611184,6.867,0.0,0.0,0.0,0.0,0.0,2.0,0.0,0.0,2
000126XA_Sa_0.8g,3.6313787134412783,7.848000000000001,2.0,2.0,2.0,0.0,0.0,3.0,0.0,0.0,2
000126XA_Sa_0.9g,4.085301052621438,8.829,2.0,2.0,2.0,2.0,0.0,3.0,0.0,0.0,3
000126XA_Sa_1.0g,4.539223391801598,9.81,2.0,3.0,3.0,3.0,0.0,4.0,0.0,0.0,3
000126XA_Sa_1.1g,4.993145730981758,10.791000000000002,3.0,4.0,4.0,4.0,0.0,4.0,0.0,0.0,3
000126XA_Sa_1.2g,5.447068070161917,11.772,4.0,3.0,4.0,4.0,4.0,4.0,0.0,0.0,4
000126XA_Sa_1.3g,5.900990409342078,12.753000000000002,4.0,3.0,4.0,4.0,4.0,4.0,0.0,0.0,4
000126XA_Sa_1.4g,6.354912748522237,13.734,4.0,4.0,4.0,4.0,0.0,4.0,0.0,0.0,4
000126XA_Sa_1.5g,6.808835087702397,14.715,4.0,4.0,4.0,4.0,2.0,4.0,0.0,0.0,4
000134XA_Sa_0.1g,0.4313555769079918,0.9810000000000001,0.0,0.0,0.0,0.0,0.0,0.0,0.0,0.0,0
000134XA_Sa_0.2g,0.8627111538159836,1.9620000000000002,0.0,0.0,0.0,0.0,0.0,0.0,0.0,0.0,0
000134XA_Sa_0.3g,1.2940667307239755,2.943,0.0,0.0,0.0,0.0,0.0,0.0,0.0,0.0,1
000134XA_Sa_0.4g,1.7254223076319672,3.9240000000000004,0.0,0.0,0.0,0.0,0.0,0.0,0.0,0.0,1
000134XA_Sa_0.5g,2.156777884539959,4.905,0.0,0.0,0.0,0.0,0.0,0.0,0.0,0.0,1
000134XA_Sa_0.6g,2.588133461447951,5.886,0.0,0.0,0.0,0.0,0.0,0.0,0.0,0.0,2
000134XA_Sa_0.7g,3.019489038355942,6.867,0.0,0.0,0.0,0.0,0.0,0.0,0.0,0.0,2
000134XA_Sa_0.8g,3.4508446152639345,7.848000000000001,0.0,0.0,0.0,0.0,0.0,1.0,0.0,0.0,2
000134XA_Sa_0.9g,3.882200192171926,8.829,0.0,0.0,0.0,0.0,0.0,2.0,0.0,0.0,2
000134XA_Sa_1.0g,4.313555769079918,9.81,2.0,2.0,0.0,2.0,0.0,3.0,0.0,0.0,2
000134XA_Sa_1.1g,4.74491134598791,10.791000000000002,2.0,2.0,0.0,2.0,0.0,3.0,0.0,0.0,2
000134XA_Sa_1.2g,5.176266922895902,11.772,2.0,3.0,0.0,2.0,0.0,3.0,0.0,0.0,2
000134XA_Sa_1.3g,5.6076224998038935,12.753000000000002,3.0,3.0,2.0,2.0,0.0,3.0,0.0,0.0,2
000134XA_Sa_1.4g,6.038978076711884,13.734,3.0,3.0,2.0,2.0,2.0,4.0,0.0,0.0,2
000134XA_Sa_1.5g,6.470333653619877,14.715,3.0,3.0,3.0,2.0,3.0,4.0,0.0,0.0,2
000146XA_Sa_0.1g,0.6182170374858731,0.9810000000000001,0.0,0.0,0.0,0.0,0.0,0.0,0.0,0.0,0
000146XA_Sa_0.2g,1.2364340749717462,1.9620000000000002,0.0,0.0,0.0,0.0,0.0,0.0,0.0,0.0,0
000146XA_Sa_0.3g,1.854651112457619,2.943,0.0,0.0,0.0,0.0,0.0,0.0,0.0,0.0,1
000146XA_Sa_0.4g,2.4728681499434924,3.9240000000000004,0.0,0.0,0.0,0.0,0.0,2.0,0.0,0.0,1
000146XA_Sa_0.5g,3.0910851874293654,4.905,3.0,3.0,2.0,0.0,1.0,4.0,0.0,0.0,2
000146XA_Sa_0.6g,3.709302224915238,5.886,4.0,4.0,0.0,2.0,2.0,4.0,0.0,0.0,2
000146XA_Sa_0.7g,4.327519262401111,6.867,4.0,4.0,2.0,2.0,0.0,4.0,0.0,0.0,2
000146XA_Sa_0.8g,4.945736299886985,7.848000000000001,4.0,4.0,2.0,3.0,0.0,4.0,0.0,0.0,3
000146XA_Sa_0.9g,5.563953337372858,8.829,4.0,4.0,3.0,3.0,2.0,4.0,0.0,0.0,3
000146XA_Sa_1.0g,6.182170374858731,9.81,4.0,4.0,4.0,3.0,3.0,4.0,0.0,0.0,3
000146XA_Sa_1.1g,6.800387412344604,10.791000000000002,4.0,4.0,4.0,4.0,4.0,4.0,0.0,0.0,4
000146XA_Sa_1.2g,7.418604449830476,11.772,4.0,4.0,4.0,4.0,4.0,4.0,0.0,2.0,4
000146XA_Sa_1.3g,8.03682148731635,12.753000000000002,4.0,4.0,4.0,4.0,4.0,4.0,0.0,3.0,4
000146XA_Sa_1.4g,8.655038524802222,13.734,4.0,4.0,4.0,4.0,4.0,4.0,0.0,3.0,4
000146XA_Sa_1.5g,9.273255562288096,14.715,4.0,4.0,4.0,4.0,4.0,4.0,0.0,4.0,4
000171XA_Sa_0.1g,0.36966224237579226,0.9810000000000001,0.0,0.0,0.0,0.0,0.0,0.0,0.0,0.0,0
000171XA_Sa_0.2g,0.7393244847515845,1.9620000000000002,0.0,0.0,0.0,0.0,0.0,0.0,0.0,0.0,0
000171XA_Sa_0.3g,1.1089867271273768,2.943,0.0,0.0,0.0,0.0,0.0,0.0,0.0,0.0,0
000171XA_Sa_0.4g,1.478648969503169,3.9240000000000004,0.0,0.0,0.0,0.0,0.0,0.0,0.0,0.0,1
000171XA_Sa_0.5g,1.8483112118789613,4.905,0.0,0.0,0.0,0.0,0.0,0.0,0.0,0.0,1
000171XA_Sa_0.6g,2.2179734542547536,5.886,0.0,0.0,0.0,0.0,0.0,0.0,0.0,0.0,1
000171XA_Sa_0.7g,2.5876356966305454,6.867,0.0,0.0,0.0,0.0,0.0,0.0,0.0,0.0,1
000171XA_Sa_0.8g,2.957297939006338,7.848000000000001,0.0,0.0,0.0,0.0,0.0,0.0,0.0,0.0,2
000171XA_Sa_0.9g,3.3269601813821303,8.829,0.0,0.0,0.0,0.0,0.0,0.0,0.0,0.0,2
000171XA_Sa_1.0g,3.6966224237579226,9.81,0.0,0.0,0.0,0.0,0.0,0.0,0.0,0.0,2
000171XA_Sa_1.1g,4.066284666133715,10.791000000000002,0.0,0.0,0.0,0.0,0.0,0.0,0.0,0.0,2
000171XA_Sa_1.2g,4.435946908509507,11.772,0.0,0.0,0.0,0.0,0.0,1.0,0.0,0.0,2
000171XA_Sa_1.3g,4.805609150885299,12.753000000000002,0.0,0.0,0.0,2.0,0.0,1.0,0.0,0.0,2
000171XA_Sa_1.4g,5.175271393261091,13.734,0.0,0.0,2.0,2.0,0.0,1.0,0.0,0.0,2
000171XA_Sa_1.5g,5.544933635636884,14.715,2.0,0.0,3.0,3.0,0.0,1.0,0.0,0.0,3
000175XA_Sa_0.1g,0.28796717260178195,0.9810000000000001,0.0,0.0,0.0,0.0,0.0,0.0,0.0,0.0,0
000175XA_Sa_0.2g,0.5759343452035639,1.9620000000000002,0.0,0.0,0.0,0.0,0.0,0.0,0.0,0.0,0
000175XA_Sa_0.3g,0.8639015178053456,2.943,0.0,0.0,0.0,0.0,0.0,0.0,0.0,0.0,1
000175XA_Sa_0.4g,1.1518686904071278,3.9240000000000004,0.0,0.0,0.0,0.0,0.0,0.0,0.0,0.0,1
000175XA_Sa_0.5g,1.4398358630089096,4.905,0.0,0.0,0.0,0.0,0.0,0.0,0.0,0.0,1
000175XA_Sa_0.6g,1.7278030356106913,5.886,0.0,0.0,0.0,0.0,0.0,0.0,0.0,0.0,1
000175XA_Sa_0.7g,2.0157702082124733,6.867,2.0,0.0,0.0,0.0,1.0,0.0,0.0,0.0,2
000175XA_Sa_0.8g,2.3037373808142556,7.848000000000001,3.0,0.0,0.0,0.0,3.0,1.0,0.0,0.0,2
000175XA_Sa_0.9g,2.5917045534160374,8.829,3.0,2.0,0.0,2.0,3.0,3.0,0.0,0.0,2
000175XA_Sa_1.0g,2.8796717260178193,9.81,4.0,4.0,3.0,3.0,3.0,4.0,0.0,0.0,2
000175XA_Sa_1.1g,3.167638898619601,10.791000000000002,4.0,4.0,4.0,4.0,4.0,4.0,0.0,0.0,3
000175XA_Sa_1.2g,3.4556060712213825,11.772,4.0,4.0,4.0,4.0,4.0,4.0,0.0,0.0,3
000175XA_Sa_1.3g,3.7435732438231653,12.753000000000002,4.0,4.0,4.0,4.0,4.0,4.0,0.0,4.0,4
000175XA_Sa_1.4g,4.031540416424947,13.734,4.0,4.0,4.0,4.0,4.0,4.0,4.0,4.0,4
000175XA_Sa_1.5g,4.3195075890267285,14.715,4.0,4.0,4.0,4.0,4.0,4.0,0.0,4.0,4
000198XA_Sa_0.1g,0.2932970272067687,0.9810000000000001,0.0,0.0,0.0,0.0,0.0,0.0,0.0,0.0,0
000198XA_Sa_0.2g,0.5865940544135374,1.9620000000000002,0.0,0.0,0.0,0.0,0.0,0.0,0.0,0.0,0
000198XA_Sa_0.3g,0.8798910816203058,2.943,0.0,0.0,0.0,0.0,0.0,0.0,0.0,0.0,1
000198XA_Sa_0.4g,1.1731881088270748,3.9240000000000004,0.0,0.0,0.0,0.0,0.0,0.0,0.0,0.0,1
000198XA_Sa_0.5g,1.4664851360338433,4.905,0.0,0.0,0.0,0.0,0.0,0.0,0.0,0.0,1
000198XA_Sa_0.6g,1.7597821632406117,5.886,0.0,0.0,0.0,0.0,0.0,0.0,0.0,0.0,1
000198XA_Sa_0.7g,2.0530791904473804,6.867,2.0,0.0,0.0,2.0,0.0,1.0,0.0,0.0,2
000198XA_Sa_0.8g,2.3463762176541496,7.848000000000001,4.0,4.0,3.0,3.0,0.0,4.0,0.0,0.0,3
000198XA_Sa_0.9g,2.639673244860918,8.829,4.0,4.0,4.0,4.0,4.0,4.0,0.0,0.0,3
000198XA_Sa_1.0g,2.9329702720676867,9.81,4.0,4.0,4.0,4.0,4.0,4.0,0.0,4.0,2
000198XA_Sa_1.1g,3.2262672992744554,10.791000000000002,4.0,4.0,4.0,4.0,4.0,4.0,4.0,4.0,4
000198XA_Sa_1.2g,3.5195643264812233,11.772,4.0,4.0,4.0,4.0,4.0,4.0,4.0,4.0,4
000198XA_Sa_1.3g,3.812861353687993,12.753000000000002,4.0,4.0,4.0,4.0,4.0,4.0,4.0,4.0,4
000198XA_Sa_1.4g,4.106158380894761,13.734,4.0,4.0,4.0,4.0,4.0,4.0,4.0,4.0,4
000198XA_Sa_1.5g,4.39945540810153,14.715,4.0,4.0,4.0,4.0,4.0,4.0,4.0,4.0,4
000199XA_Sa_0.1g,0.6725541621267159,0.9810000000000001,0.0,0.0,0.0,0.0,0.0,0.0,0.0,0.0,0
000199XA_Sa_0.2g,1.3451083242534319,1.9620000000000002,0.0,0.0,0.0,0.0,0.0,0.0,0.0,0.0,0
000199XA_Sa_0.3g,2.017662486380148,2.943,0.0,0.0,0.0,0.0,0.0,0.0,0.0,0.0,1
000199XA_Sa_0.4g,2.6902166485068637,3.9240000000000004,0.0,0.0,0.0,0.0,0.0,2.0,0.0,0.0,2
000199XA_Sa_0.5g,3.3627708106335796,4.905,4.0,4.0,4.0,4.0,4.0,4.0,4.0,4.0,4
000199XA_Sa_0.6g,4.035324972760296,5.886,4.0,4.0,4.0,4.0,4.0,4.0,4.0,4.0,4
000199XA_Sa_0.7g,4.707879134887011,6.867,4.0,4.0,4.0,4.0,4.0,4.0,4.0,4.0,4
000199XA_Sa_0.8g,5.380433297013727,7.848000000000001,4.0,4.0,4.0,4.0,4.0,4.0,4.0,4.0,4
000199XA_Sa_0.9g,6.052987459140444,8.829,4.0,4.0,4.0,4.0,4.0,4.0,4.0,4.0,4
000199XA_Sa_1.0g,6.725541621267159,9.81,4.0,4.0,4.0,4.0,4.0,4.0,4.0,4.0,4
000199XA_Sa_1.1g,7.398095783393876,10.791000000000002,4.0,4.0,4.0,4.0,4.0,4.0,4.0,4.0,4
000199XA_Sa_1.2g,8.070649945520591,11.772,4.0,4.0,4.0,4.0,4.0,4.0,4.0,4.0,4
000199XA_Sa_1.3g,8.743204107647308,12.753000000000002,4.0,4.0,4.0,4.0,4.0,4.0,4.0,4.0,4
000199XA_Sa_1.4g,9.415758269774022,13.734,4.0,4.0,4.0,4.0,4.0,4.0,4.0,4.0,4
000199XA_Sa_1.5g,10.08831243190074,14.715,4.0,4.0,4.0,4.0,4.0,4.0,4.0,4.0,4
000229XA_Sa_0.1g,0.5135477471352446,0.9810000000000001,0.0,0.0,0.0,0.0,0.0,0.0,0.0,0.0,0
000229XA_Sa_0.2g,1.0270954942704893,1.9620000000000002,0.0,0.0,0.0,0.0,0.0,0.0,0.0,0.0,0
000229XA_Sa_0.3g,1.5406432414057336,2.943,0.0,0.0,0.0,0.0,0.0,0.0,0.0,0.0,0
000229XA_Sa_0.4g,2.0541909885409786,3.9240000000000004,0.0,0.0,0.0,0.0,0.0,0.0,0.0,0.0,1
000229XA_Sa_0.5g,2.567738735676223,4.905,0.0,0.0,0.0,0.0,0.0,0.0,0.0,0.0,1
000229XA_Sa_0.6g,3.081286482811467,5.886,0.0,0.0,0.0,0.0,0.0,0.0,0.0,0.0,1
000229XA_Sa_0.7g,3.594834229946712,6.867,0.0,0.0,0.0,0.0,0.0,0.0,0.0,0.0,2
000229XA_Sa_0.8g,4.108381977081957,7.848000000000001,0.0,0.0,0.0,0.0,0.0,1.0,0.0,0.0,2
000229XA_Sa_0.9g,4.6219297242172015,8.829,0.0,0.0,0.0,0.0,0.0,2.0,0.0,0.0,2
000229XA_Sa_1.0g,5.135477471352446,9.81,2.0,2.0,0.0,0.0,2.0,3.0,0.0,0.0,2
000229XA_Sa_1.1g,5.649025218487691,10.791000000000002,3.0,3.0,0.0,0.0,3.0,4.0,0.0,0.0,2
000229XA_Sa_1.2g,6.162572965622934,11.772,4.0,4.0,2.0,3.0,4.0,4.0,0.0,0.0,2
000229XA_Sa_1.3g,6.67612071275818,12.753000000000002,4.0,4.0,4.0,4.0,4.0,4.0,0.0,4.0,3
000229XA_Sa_1.4g,7.189668459893424,13.734,4.0,4.0,4.0,4.0,4.0,4.0,4.0,4.0,4
000229XA_Sa_1.5g,7.70321620702867,14.715,4.0,4.0,4.0,4.0,4.0,4.0,4.0,4.0,4
000242XA_Sa_0.1g,0.5845216115367917,0.9810000000000001,0.0,0.0,0.0,0.0,0.0,0.0,0.0,0.0,0
000242XA_Sa_0.2g,1.1690432230735834,1.9620000000000002,0.0,0.0,0.0,0.0,0.0,0.0,0.0,0.0,0
000242XA_Sa_0.3g,1.753564834610375,2.943,0.0,0.0,0.0,0.0,0.0,0.0,0.0,0.0,1
000242XA_Sa_0.4g,2.338086446147167,3.9240000000000004,0.0,0.0,0.0,0.0,0.0,0.0,0.0,0.0,1
000242XA_Sa_0.5g,2.922608057683958,4.905,0.0,0.0,0.0,0.0,0.0,1.0,0.0,0.0,2
000242XA_Sa_0.6g,3.50712966922075,5.886,0.0,0.0,0.0,0.0,0.0,2.0,0.0,0.0,2
000242XA_Sa_0.7g,4.0916512807575405,6.867,0.0,2.0,0.0,0.0,0.0,3.0,0.0,0.0,2
000242XA_Sa_0.8g,4.676172892294334,7.848000000000001,2.0,2.0,2.0,2.0,0.0,3.0,0.0,0.0,2
000242XA_Sa_0.9g,5.260694503831124,8.829,4.0,4.0,4.0,4.0,3.0,4.0,0.0,0.0,4
000242XA_Sa_1.0g,5.845216115367916,9.81,4.0,4.0,4.0,4.0,4.0,4.0,0.0,4.0,4
000242XA_Sa_1.1g,6.429737726904708,10.791000000000002,4.0,4.0,4.0,4.0,4.0,4.0,4.0,4.0,4
000242XA_Sa_1.2g,7.0142593384415,11.772,4.0,4.0,4.0,4.0,4.0,4.0,4.0,4.0,4
000242XA_Sa_1.3g,7.59878094997829,12.753000000000002,4.0,4.0,4.0,4.0,4.0,4.0,4.0,4.0,4
000242XA_Sa_1.4g,8.183302561515081,13.734,4.0,4.0,4.0,4.0,4.0,4.0,4.0,4.0,4
000242XA_Sa_1.5g,8.767824173051874,14.715,4.0,4.0,4.0,4.0,4.0,4.0,4.0,4.0,3
000246XA_Sa_0.1g,0.28838023717978256,0.9810000000000001,0.0,0.0,0.0,0.0,0.0,0.0,0.0,0.0,0
000246XA_Sa_0.2g,0.5767604743595651,1.9620000000000002,0.0,0.0,0.0,0.0,0.0,0.0,0.0,0.0,0
000246XA_Sa_0.3g,0.8651407115393477,2.943,0.0,0.0,0.0,0.0,0.0,0.0,0.0,0.0,0
000246XA_Sa_0.4g,1.1535209487191302,3.9240000000000004,0.0,0.0,0.0,0.0,0.0,0.0,0.0,0.0,1
000246XA_Sa_0.5g,1.4419011858989128,4.905,0.0,0.0,0.0,0.0,0.0,0.0,0.0,0.0,1
000246XA_Sa_0.6g,1.7302814230786954,5.886,0.0,0.0,0.0,0.0,0.0,0.0,0.0,0.0,1
000246XA_Sa_0.7g,2.018661660258478,6.867,0.0,0.0,0.0,0.0,0.0,0.0,0.0,0.0,1
000246XA_Sa_0.8g,2.3070418974382605,7.848000000000001,0.0,0.0,0.0,0.0,0.0,1.0,0.0,0.0,1
000246XA_Sa_0.9g,2.595422134618043,8.829,2.0,0.0,0.0,0.0,0.0,3.0,0.0,0.0,2
000246XA_Sa_1.0g,2.8838023717978256,9.81,2.0,2.0,0.0,0.0,0.0,3.0,0.0,0.0,2
000246XA_Sa_1.1g,3.172182608977608,10.791000000000002,2.0,2.0,0.0,0.0,0.0,3.0,0.0,0.0,2
000246XA_Sa_1.2g,3.4605628461573907,11.772,3.0,2.0,0.0,2.0,1.0,3.0,0.0,0.0,2
000246XA_Sa_1.3g,3.7489430833371733,12.753000000000002,3.0,3.0,2.0,2.0,0.0,3.0,0.0,0.0,2
000246XA_Sa_1.4g,4.037323320516956,13.734,3.0,3.0,2.0,2.0,0.0,4.0,0.0,0.0,2
000246XA_Sa_1.5g,4.325703557696738,14.715,3.0,3.0,2.0,2.0,0.0,4.0,0.0,0.0,3
000290XA_Sa_0.1g,0.32737864901341784,0.9810000000000001,0.0,0.0,0.0,0.0,0.0,0.0,0.0,0.0,0
000290XA_Sa_0.2g,0.6547572980268357,1.9620000000000002,0.0,0.0,0.0,0.0,0.0,0.0,0.0,0.0,0
000290XA_Sa_0.3g,0.9821359470402534,2.943,0.0,0.0,0.0,0.0,0.0,0.0,0.0,0.0,1
000290XA_Sa_0.4g,1.3095145960536714,3.9240000000000004,0.0,0.0,0.0,0.0,0.0,0.0,0.0,0.0,1
000290XA_Sa_0.5g,1.636893245067089,4.905,0.0,0.0,0.0,0.0,0.0,0.0,0.0,0.0,1
000290XA_Sa_0.6g,1.9642718940805068,5.886,0.0,0.0,0.0,0.0,0.0,1.0,0.0,0.0,2
000290XA_Sa_0.7g,2.2916505430939247,6.867,0.0,0.0,0.0,0.0,0.0,2.0,0.0,0.0,2
000290XA_Sa_0.8g,2.6190291921073428,7.848000000000001,0.0,0.0,2.0,2.0,0.0,2.0,0.0,0.0,3
000290XA_Sa_0.9g,2.9464078411207604,8.829,4.0,4.0,4.0,4.0,4.0,4.0,3.0,3.0,4
000290XA_Sa_1.0g,3.273786490134178,9.81,4.0,4.0,4.0,4.0,4.0,4.0,4.0,4.0,4
000290XA_Sa_1.1g,3.6011651391475965,10.791000000000002,4.0,4.0,4.0,4.0,4.0,4.0,4.0,4.0,4
000290XA_Sa_1.2g,3.9285437881610137,11.772,4.0,4.0,4.0,4.0,4.0,4.0,4.0,4.0,4
000290XA_Sa_1.3g,4.255922437174432,12.753000000000002,4.0,4.0,4.0,4.0,4.0,4.0,4.0,4.0,4
000290XA_Sa_1.4g,4.583301086187849,13.734,4.0,4.0,4.0,4.0,4.0,4.0,4.0,4.0,4
000290XA_Sa_1.5g,4.910679735201267,14.715,4.0,4.0,4.0,4.0,4.0,4.0,4.0,4.0,4
000333XA_Sa_0.1g,0.46882326121058726,0.9810000000000001,0.0,0.0,0.0,0.0,0.0,0.0,0.0,0.0,0
000333XA_Sa_0.2g,0.9376465224211745,1.9620000000000002,0.0,0.0,0.0,0.0,0.0,0.0,0.0,0.0,0
000333XA_Sa_0.3g,1.4064697836317617,2.943,0.0,0.0,0.0,0.0,0.0,0.0,0.0,0.0,1
000333XA_Sa_0.4g,1.875293044842349,3.9240000000000004,0.0,0.0,0.0,0.0,0.0,0.0,0.0,0.0,1
000333XA_Sa_0.5g,2.344116306052936,4.905,0.0,0.0,0.0,0.0,0.0,1.0,0.0,0.0,2
000333XA_Sa_0.6g,2.8129395672635233,5.886,2.0,0.0,3.0,3.0,0.0,2.0,0.0,0.0,3
000333XA_Sa_0.7g,3.2817628284741103,6.867,4.0,4.0,4.0,4.0,4.0,4.0,0.0,4.0,4
000333XA_Sa_0.8g,3.750586089684698,7.848000000000001,4.0,4.0,4.0,4.0,4.0,4.0,0.0,4.0,4
000333XA_Sa_0.9g,4.219409350895285,8.829,4.0,4.0,4.0,4.0,4.0,4.0,0.0,4.0,4
000333XA_Sa_1.0g,4.688232612105872,9.81,4.0,4.0,4.0,4.0,4.0,4.0,4.0,4.0,4
000333XA_Sa_1.1g,5.15705587331646,10.791000000000002,4.0,4.0,4.0,4.0,4.0,4.0,4.0,4.0,4
000333XA_Sa_1.2g,5.625879134527047,11.772,4.0,4.0,4.0,4.0,4.0,4.0,4.0,4.0,4
000333XA_Sa_1.3g,6.094702395737634,12.753000000000002,4.0,4.0,4.0,4.0,4.0,4.0,4.0,4.0,4
000333XA_Sa_1.4g,6.5635256569482205,13.734,4.0,4.0,4.0,4.0,4.0,4.0,4.0,4.0,4
000333XA_Sa_1.5g,7.032348918158808,14.715,4.0,4.0,4.0,4.0,4.0,4.0,4.0,4.0,4
000334XA_Sa_0.1g,0.2878180736082091,0.9810000000000001,0.0,0.0,0.0,0.0,0.0,0.0,0.0,0.0,0
000334XA_Sa_0.2g,0.5756361472164182,1.9620000000000002,0.0,0.0,0.0,0.0,0.0,0.0,0.0,0.0,0
000334XA_Sa_0.3g,0.8634542208246272,2.943,0.0,0.0,0.0,0.0,0.0,0.0,0.0,0.0,1
000334XA_Sa_0.4g,1.1512722944328364,3.9240000000000004,0.0,0.0,0.0,0.0,0.0,0.0,0.0,0.0,1
000334XA_Sa_0.5g,1.4390903680410454,4.905,0.0,0.0,0.0,0.0,0.0,0.0,0.0,0.0,1
000334XA_Sa_0.6g,1.7269084416492544,5.886,0.0,0.0,0.0,0.0,0.0,0.0,0.0,0.0,2
000334XA_Sa_0.7g,2.0147265152574634,6.867,0.0,0.0,0.0,0.0,0.0,0.0,0.0,0.0,2
000334XA_Sa_0.8g,2.302544588865673,7.848000000000001,0.0,0.0,0.0,2.0,0.0,0.0,0.0,0.0,2
000334XA_Sa_0.9g,2.590362662473882,8.829,0.0,0.0,0.0,2.0,0.0,0.0,0.0,0.0,2
000334XA_Sa_1.0g,2.878180736082091,9.81,0.0,0.0,2.0,3.0,0.0,0.0,0.0,0.0,3
000334XA_Sa_1.1g,3.1659988096903002,10.791000000000002,0.0,0.0,2.0,3.0,0.0,0.0,0.0,0.0,3
000334XA_Sa_1.2g,3.4538168832985088,11.772,2.0,0.0,3.0,3.0,0.0,1.0,0.0,0.0,3
000334XA_Sa_1.3g,3.741634956906718,12.753000000000002,2.0,0.0,4.0,4.0,0.0,2.0,0.0,0.0,4
000334XA_Sa_1.4g,4.029453030514927,13.734,4.0,3.0,4.0,4.0,4.0,4.0,0.0,0.0,4
000334XA_Sa_1.5g,4.317271104123136,14.715,4.0,4.0,4.0,4.0,4.0,4.0,4.0,4.0,4
000361XA_Sa_0.1g,1.2679187487464643,0.9810000000000001,0.0,0.0,0.0,0.0,0.0,0.0,0.0,0.0,0
000361XA_Sa_0.2g,2.5358374974929285,1.9620000000000002,0.0,0.0,0.0,0.0,0.0,0.0,0.0,0.0,0
000361XA_Sa_0.3g,3.803756246239393,2.943,0.0,0.0,0.0,0.0,0.0,0.0,0.0,0.0,1
000361XA_Sa_0.4g,5.071674994985857,3.9240000000000004,0.0,0.0,0.0,0.0,0.0,0.0,0.0,0.0,1
000361XA_Sa_0.5g,6.339593743732321,4.905,0.0,0.0,0.0,0.0,0.0,1.0,0.0,0.0,1
000361XA_Sa_0.6g,7.607512492478786,5.886,0.0,0.0,0.0,0.0,0.0,1.0,0.0,0.0,1
000361XA_Sa_0.7g,8.87543124122525,6.867,0.0,0.0,0.0,0.0,0.0,2.0,0.0,0.0,1
000361XA_Sa_0.8g,10.143349989971714,7.848000000000001,0.0,0.0,0.0,0.0,0.0,3.0,0.0,0.0,1
000361XA_Sa_0.9g,11.411268738718178,8.829,0.0,2.0,0.0,0.0,0.0,3.0,0.0,0.0,1
000361XA_Sa_1.0g,12.679187487464642,9.81,0.0,2.0,2.0,0.0,0.0,3.0,0.0,0.0,1
000361XA_Sa_1.1g,13.947106236211107,10.791000000000002,0.0,2.0,2.0,2.0,0.0,3.0,0.0,0.0,2
000361XA_Sa_1.2g,15.215024984957571,11.772,0.0,2.0,2.0,2.0,0.0,3.0,0.0,0.0,2
000361XA_Sa_1.3g,16.482943733704037,12.753000000000002,0.0,2.0,2.0,2.0,0.0,3.0,0.0,0.0,2
000361XA_Sa_1.4g,17.7508624824505,13.734,2.0,3.0,2.0,3.0,0.0,4.0,0.0,0.0,2
000361XA_Sa_1.5g,19.018781231196964,14.715,2.0,3.0,3.0,3.0,0.0,4.0,0.0,0.0,2
000365XA_Sa_0.1g,0.36342941530847767,0.9810000000000001,0.0,0.0,0.0,0.0,0.0,0.0,0.0,0.0,0
000365XA_Sa_0.2g,0.7268588306169553,1.9620000000000002,0.0,0.0,0.0,0.0,0.0,0.0,0.0,0.0,0
000365XA_Sa_0.3g,1.0902882459254328,2.943,0.0,0.0,0.0,0.0,0.0,0.0,0.0,0.0,0
000365XA_Sa_0.4g,1.4537176612339107,3.9240000000000004,0.0,0.0,0.0,0.0,0.0,0.0,0.0,0.0,1
000365XA_Sa_0.5g,1.8171470765423883,4.905,0.0,0.0,0.0,0.0,0.0,0.0,0.0,0.0,1
000365XA_Sa_0.6g,2.1805764918508657,5.886,0.0,0.0,0.0,0.0,0.0,0.0,0.0,0.0,1
000365XA_Sa_0.7g,2.5440059071593435,6.867,0.0,0.0,0.0,0.0,0.0,0.0,0.0,0.0,1
000365XA_Sa_0.8g,2.9074353224678213,7.848000000000001,0.0,0.0,0.0,0.0,0.0,0.0,0.0,0.0,1
000365XA_Sa_0.9g,3.2708647377762987,8.829,0.0,0.0,0.0,0.0,0.0,0.0,0.0,0.0,1
000365XA_Sa_1.0g,3.6342941530847765,9.81,0.0,0.0,0.0,0.0,0.0,1.0,0.0,0.0,2
000365XA_Sa_1.1g,3.997723568393254,10.791000000000002,0.0,0.0,2.0,0.0,0.0,1.0,0.0,0.0,2
000365XA_Sa_1.2g,4.361152983701731,11.772,0.0,0.0,2.0,2.0,0.0,2.0,0.0,0.0,2
000365XA_Sa_1.3g,4.724582399010209,12.753000000000002,2.0,0.0,2.0,2.0,0.0,2.0,0.0,0.0,3
000365XA_Sa_1.4g,5.088011814318687,13.734,2.0,2.0,4.0,4.0,0.0,3.0,0.0,0.0,3
000365XA_Sa_1.5g,5.451441229627164,14.715,2.0,2.0,4.0,4.0,0.0,3.0,0.0,0.0,4
000384XA_Sa_0.1g,0.9336507854855335,0.9810000000000001,0.0,0.0,0.0,0.0,0.0,0.0,0.0,0.0,0
000384XA_Sa_0.2g,1.867301570971067,1.9620000000000002,0.0,0.0,0.0,0.0,0.0,0.0,0.0,0.0,0
000384XA_Sa_0.3g,2.8009523564566003,2.943,0.0,0.0,0.0,0.0,0.0,1.0,0.0,0.0,1
000384XA_Sa_0.4g,3.734603141942134,3.9240000000000004,0.0,0.0,0.0,0.0,0.0,2.0,0.0,0.0,1
000384XA_Sa_0.5g,4.668253927427667,4.905,2.0,2.0,0.0,0.0,2.0,3.0,0.0,0.0,1
000384XA_Sa_0.6g,5.601904712913201,5.886,4.0,4.0,0.0,0.0,3.0,4.0,0.0,0.0,1
000384XA_Sa_0.7g,6.535555498398733,6.867,4.0,4.0,0.0,2.0,4.0,4.0,0.0,0.0,2
000384XA_Sa_0.8g,7.469206283884268,7.848000000000001,4.0,4.0,2.0,2.0,4.0,4.0,0.0,0.0,2
000384XA_Sa_0.9g,8.402857069369801,8.829,4.0,4.0,4.0,3.0,4.0,4.0,0.0,2.0,3
000384XA_Sa_1.0g,9.336507854855334,9.81,4.0,4.0,4.0,4.0,4.0,4.0,2.0,3.0,3
000384XA_Sa_1.1g,10.270158640340869,10.791000000000002,4.0,4.0,4.0,4.0,4.0,4.0,3.0,4.0,4
000384XA_Sa_1.2g,11.203809425826401,11.772,4.0,4.0,4.0,4.0,4.0,4.0,4.0,4.0,4
000384XA_Sa_1.3g,12.137460211311936,12.753000000000002,4.0,4.0,4.0,4.0,4.0,4.0,4.0,4.0,4
000384XA_Sa_1.4g,13.071110996797467,13.734,4.0,4.0,4.0,4.0,4.0,4.0,4.0,4.0,4
000384XA_Sa_1.5g,14.004761782283003,14.715,4.0,4.0,4.0,4.0,4.0,4.0,4.0,4.0,4
000413XA_Sa_0.1g,0.3420992865041173,0.9810000000000001,0.0,0.0,0.0,0.0,0.0,0.0,0.0,0.0,0
000413XA_Sa_0.2g,0.6841985730082346,1.9620000000000002,0.0,0.0,0.0,0.0,0.0,0.0,0.0,0.0,0
000413XA_Sa_0.3g,1.0262978595123518,2.943,0.0,0.0,0.0,0.0,0.0,0.0,0.0,0.0,0
000413XA_Sa_0.4g,1.3683971460164692,3.9240000000000004,0.0,0.0,0.0,0.0,0.0,1.0,0.0,0.0,1
000413XA_Sa_0.5g,1.7104964325205865,4.905,2.0,2.0,0.0,0.0,0.0,3.0,0.0,0.0,2
000413XA_Sa_0.6g,2.0525957190247035,5.886,4.0,4.0,2.0,0.0,4.0,4.0,0.0,0.0,2
000413XA_Sa_0.7g,2.394695005528821,6.867,4.0,4.0,4.0,4.0,4.0,4.0,4.0,4.0,4
000413XA_Sa_0.8g,2.7367942920329384,7.848000000000001,4.0,4.0,4.0,4.0,4.0,4.0,4.0,4.0,4
000413XA_Sa_0.9g,3.0788935785370555,8.829,4.0,4.0,4.0,4.0,4.0,4.0,4.0,4.0,4
000413XA_Sa_1.0g,3.420992865041173,9.81,4.0,4.0,4.0,4.0,4.0,4.0,4.0,4.0,4
000413XA_Sa_1.1g,3.7630921515452904,10.791000000000002,4.0,4.0,4.0,4.0,4.0,4.0,4.0,4.0,4
000413XA_Sa_1.2g,4.105191438049407,11.772,4.0,4.0,4.0,4.0,4.0,4.0,4.0,4.0,4
000413XA_Sa_1.3g,4.4472907245535245,12.753000000000002,4.0,4.0,4.0,4.0,4.0,4.0,4.0,4.0,4
000413XA_Sa_1.4g,4.789390011057642,13.734,4.0,4.0,4.0,4.0,4.0,4.0,4.0,4.0,4
000413XA_Sa_1.5g,5.131489297561759,14.715,4.0,4.0,4.0,4.0,4.0,4.0,4.0,4.0,4
000419XA_Sa_0.1g,0.3546507244374772,0.9810000000000001,0.0,0.0,0.0,0.0,0.0,0.0,0.0,0.0,0
000419XA_Sa_0.2g,0.7093014488749544,1.9620000000000002,0.0,0.0,0.0,0.0,0.0,0.0,0.0,0.0,0
000419XA_Sa_0.3g,1.0639521733124315,2.943,0.0,0.0,0.0,0.0,0.0,0.0,0.0,0.0,1
000419XA_Sa_0.4g,1.4186028977499088,3.9240000000000004,0.0,0.0,0.0,0.0,0.0,0.0,0.0,0.0,1
000419XA_Sa_0.5g,1.773253622187386,4.905,0.0,0.0,0.0,0.0,0.0,0.0,0.0,0.0,1
000419XA_Sa_0.6g,2.127904346624863,5.886,0.0,0.0,0.0,0.0,0.0,0.0,0.0,0.0,2
000419XA_Sa_0.7g,2.4825550710623405,6.867,0.0,0.0,0.0,0.0,0.0,0.0,0.0,0.0,2
000419XA_Sa_0.8g,2.8372057954998176,7.848000000000001,0.0,0.0,0.0,2.0,0.0,0.0,0.0,0.0,2
000419XA_Sa_0.9g,3.191856519937295,8.829,0.0,0.0,3.0,4.0,0.0,0.0,0.0,0.0,3
000419XA_Sa_1.0g,3.546507244374772,9.81,0.0,0.0,4.0,4.0,0.0,0.0,0.0,0.0,4
000419XA_Sa_1.1g,3.901157968812249,10.791000000000002,0.0,0.0,4.0,4.0,0.0,0.0,0.0,0.0,4
000419XA_Sa_1.2g,4.255808693249726,11.772,0.0,0.0,4.0,4.0,0.0,0.0,0.0,0.0,4
000419XA_Sa_1.3g,4.610459417687204,12.753000000000002,0.0,0.0,4.0,4.0,0.0,0.0,0.0,0.0,4
000419XA_Sa_1.4g,4.965110142124681,13.734,0.0,0.0,4.0,4.0,0.0,0.0,0.0,0.0,4
000419XA_Sa_1.5g,5.319760866562158,14.715,0.0,0.0,4.0,4.0,0.0,0.0,0.0,0.0,4
000435XA_Sa_0.1g,0.34261003280036556,0.9810000000000001,0.0,0.0,0.0,0.0,0.0,0.0,0.0,0.0,0
000435XA_Sa_0.2g,0.6852200656007311,1.9620000000000002,0.0,0.0,0.0,0.0,0.0,0.0,0.0,0.0,0
000435XA_Sa_0.3g,1.0278300984010964,2.943,0.0,0.0,0.0,0.0,0.0,0.0,0.0,0.0,1
000435XA_Sa_0.4g,1.3704401312014622,3.9240000000000004,0.0,0.0,0.0,0.0,0.0,1.0,0.0,0.0,1
000435XA_Sa_0.5g,1.7130501640018274,4.905,2.0,0.0,0.0,0.0,0.0,3.0,0.0,0.0,1
000435XA_Sa_0.6g,2.055660196802193,5.886,2.0,2.0,0.0,0.0,0.0,3.0,0.0,0.0,1
000435XA_Sa_0.7g,2.398270229602558,6.867,3.0,2.0,0.0,0.0,3.0,3.0,0.0,0.0,2
000435XA_Sa_0.8g,2.7408802624029245,7.848000000000001,4.0,3.0,0.0,0.0,4.0,4.0,0.0,0.0,2
000435XA_Sa_0.9g,3.0834902952032897,8.829,4.0,4.0,0.0,2.0,4.0,4.0,0.0,0.0,2
000435XA_Sa_1.0g,3.426100328003655,9.81,4.0,4.0,0.0,3.0,4.0,4.0,0.0,0.0,2
000435XA_Sa_1.1g,3.768710360804021,10.791000000000002,4.0,4.0,2.0,4.0,4.0,4.0,0.0,0.0,2
000435XA_Sa_1.2g,4.111320393604386,11.772,4.0,4.0,4.0,4.0,4.0,4.0,0.0,4.0,3
000435XA_Sa_1.3g,4.453930426404752,12.753000000000002,4.0,4.0,4.0,4.0,4.0,4.0,0.0,4.0,3
000435XA_Sa_1.4g,4.796540459205116,13.734,4.0,4.0,4.0,4.0,4.0,4.0,0.0,3.0,3
000435XA_Sa_1.5g,5.1391504920054825,14.715,4.0,4.0,4.0,4.0,4.0,4.0,4.0,4.0,3
000559XA_Sa_0.1g,0.48161924723885075,0.9810000000000001,0.0,0.0,0.0,0.0,0.0,0.0,0.0,0.0,0
000559XA_Sa_0.2g,0.9632384944777015,1.9620000000000002,0.0,0.0,0.0,0.0,0.0,0.0,0.0,0.0,0
000559XA_Sa_0.3g,1.444857741716552,2.943,0.0,0.0,0.0,0.0,0.0,0.0,0.0,0.0,1
000559XA_Sa_0.4g,1.926476988955403,3.9240000000000004,0.0,0.0,0.0,0.0,0.0,0.0,0.0,0.0,1
000559XA_Sa_0.5g,2.4080962361942535,4.905,0.0,0.0,0.0,0.0,0.0,0.0,0.0,0.0,1
000559XA_Sa_0.6g,2.889715483433104,5.886,0.0,0.0,0.0,0.0,0.0,0.0,0.0,0.0,2
000559XA_Sa_0.7g,3.371334730671955,6.867,0.0,0.0,0.0,0.0,0.0,0.0,0.0,0.0,2
000559XA_Sa_0.8g,3.852953977910806,7.848000000000001,0.0,0.0,0.0,0.0,0.0,0.0,0.0,0.0,2
000559XA_Sa_0.9g,4.334573225149657,8.829,0.0,0.0,2.0,2.0,0.0,0.0,0.0,0.0,3
000559XA_Sa_1.0g,4.816192472388507,9.81,0.0,0.0,2.0,3.0,0.0,0.0,0.0,0.0,3
000559XA_Sa_1.1g,5.297811719627359,10.791000000000002,0.0,0.0,3.0,3.0,0.0,1.0,0.0,0.0,3
000559XA_Sa_1.2g,5.779430966866208,11.772,2.0,0.0,3.0,4.0,0.0,0.0,0.0,0.0,3
000559XA_Sa_1.3g,6.26105021410506,12.753000000000002,3.0,0.0,3.0,4.0,0.0,0.0,0.0,0.0,4
000559XA_Sa_1.4g,6.74266946134391,13.734,3.0,0.0,4.0,4.0,0.0,1.0,0.0,0.0,4
000559XA_Sa_1.5g,7.224288708582762,14.715,3.0,0.0,4.0,4.0,0.0,1.0,0.0,0.0,4
000591XA_Sa_0.1g,0.30654091816699186,0.9810000000000001,0.0,0.0,0.0,0.0,0.0,0.0,0.0,0.0,0
000591XA_Sa_0.2g,0.6130818363339837,1.9620000000000002,0.0,0.0,0.0,0.0,0.0,0.0,0.0,0.0,0
000591XA_Sa_0.3g,0.9196227545009754,2.943,0.0,0.0,0.0,0.0,0.0,0.0,0.0,0.0,0
000591XA_Sa_0.4g,1.2261636726679674,3.9240000000000004,0.0,0.0,0.0,0.0,0.0,0.0,0.0,0.0,1
000591XA_Sa_0.5g,1.5327045908349592,4.905,0.0,0.0,0.0,0.0,0.0,0.0,0.0,0.0,2
000591XA_Sa_0.6g,1.8392455090019508,5.886,0.0,0.0,0.0,2.0,0.0,0.0,0.0,0.0,2
000591XA_Sa_0.7g,2.1457864271689426,6.867,0.0,0.0,2.0,2.0,0.0,0.0,0.0,0.0,2
000591XA_Sa_0.8g,2.452327345335935,7.848000000000001,0.0,0.0,2.0,2.0,0.0,1.0,0.0,0.0,3
000591XA_Sa_0.9g,2.7588682635029267,8.829,0.0,0.0,3.0,3.0,0.0,1.0,0.0,0.0,3
000591XA_Sa_1.0g,3.0654091816699185,9.81,0.0,0.0,3.0,3.0,0.0,2.0,0.0,0.0,3
000591XA_Sa_1.1g,3.3719500998369107,10.791000000000002,2.0,2.0,4.0,4.0,0.0,3.0,0.0,0.0,3
000591XA_Sa_1.2g,3.6784910180039017,11.772,2.0,2.0,4.0,4.0,0.0,3.0,0.0,0.0,4
000591XA_Sa_1.3g,3.9850319361708944,12.753000000000002,4.0,4.0,4.0,4.0,4.0,4.0,0.0,2.0,4
000591XA_Sa_1.4g,4.291572854337885,13.734,4.0,4.0,4.0,4.0,4.0,4.0,4.0,4.0,4
000591XA_Sa_1.5g,4.5981137725048775,14.715,4.0,4.0,4.0,4.0,4.0,4.0,0.0,4.0,4
000593XA_Sa_0.1g,1.0307755532561826,0.9810000000000001,0.0,0.0,0.0,0.0,0.0,0.0,0.0,0.0,0
000593XA_Sa_0.2g,2.0615511065123653,1.9620000000000002,0.0,0.0,0.0,0.0,0.0,0.0,0.0,0.0,0
000593XA_Sa_0.3g,3.0923266597685477,2.943,0.0,0.0,0.0,0.0,0.0,0.0,0.0,0.0,1
000593XA_Sa_0.4g,4.123102213024731,3.9240000000000004,0.0,0.0,0.0,0.0,0.0,0.0,0.0,0.0,1
000593XA_Sa_0.5g,5.153877766280912,4.905,0.0,0.0,0.0,0.0,0.0,0.0,0.0,0.0,1
000593XA_Sa_0.6g,6.184653319537095,5.886,0.0,0.0,0.0,0.0,0.0,0.0,0.0,0.0,1
000593XA_Sa_0.7g,7.215428872793277,6.867,0.0,0.0,0.0,0.0,0.0,0.0,0.0,0.0,1
000593XA_Sa_0.8g,8.246204426049461,7.848000000000001,0.0,0.0,0.0,0.0,0.0,0.0,0.0,0.0,1
000593XA_Sa_0.9g,9.276979979305642,8.829,0.0,0.0,0.0,0.0,0.0,0.0,0.0,0.0,2
000593XA_Sa_1.0g,10.307755532561824,9.81,0.0,0.0,0.0,2.0,0.0,1.0,0.0,0.0,2
000593XA_Sa_1.1g,11.338531085818008,10.791000000000002,0.0,0.0,2.0,2.0,0.0,0.0,0.0,0.0,2
000593XA_Sa_1.2g,12.36930663907419,11.772,0.0,0.0,2.0,3.0,0.0,1.0,0.0,0.0,2
000593XA_Sa_1.3g,13.400082192330373,12.753000000000002,0.0,0.0,3.0,3.0,0.0,1.0,0.0,0.0,3
000593XA_Sa_1.4g,14.430857745586554,13.734,2.0,0.0,4.0,3.0,0.0,1.0,0.0,0.0,3
000593XA_Sa_1.5g,15.461633298842738,14.715,3.0,0.0,4.0,4.0,1.0,2.0,0.0,0.0,3
000622XA_Sa_0.1g,0.4068938087521557,0.9810000000000001,0.0,0.0,0.0,0.0,0.0,0.0,0.0,0.0,0
000622XA_Sa_0.2g,0.8137876175043114,1.9620000000000002,0.0,0.0,0.0,0.0,0.0,0.0,0.0,0.0,0
000622XA_Sa_0.3g,1.220681426256467,2.943,0.0,0.0,0.0,0.0,0.0,0.0,0.0,0.0,1
000622XA_Sa_0.4g,1.6275752350086228,3.9240000000000004,0.0,0.0,0.0,0.0,0.0,0.0,0.0,0.0,1
000622XA_Sa_0.5g,2.0344690437607786,4.905,0.0,0.0,0.0,0.0,0.0,0.0,0.0,0.0,1
000622XA_Sa_0.6g,2.441362852512934,5.886,0.0,0.0,0.0,0.0,0.0,0.0,0.0,0.0,1
000622XA_Sa_0.7g,2.8482566612650895,6.867,0.0,0.0,0.0,0.0,0.0,0.0,0.0,0.0,1
000622XA_Sa_0.8g,3.2551504700172456,7.848000000000001,0.0,0.0,0.0,0.0,0.0,0.0,0.0,0.0,2
000622XA_Sa_0.9g,3.6620442787694016,8.829,0.0,0.0,0.0,0.0,0.0,1.0,0.0,0.0,2
000622XA_Sa_1.0g,4.068938087521557,9.81,0.0,0.0,2.0,0.0,0.0,1.0,0.0,0.0,2
000622XA_Sa_1.1g,4.4758318962737125,10.791000000000002,4.0,2.0,3.0,2.0,0.0,3.0,0.0,0.0,2
000622XA_Sa_1.2g,4.882725705025868,11.772,4.0,4.0,4.0,4.0,4.0,4.0,4.0,4.0,4
000622XA_Sa_1.3g,5.289619513778024,12.753000000000002,4.0,4.0,4.0,4.0,4.0,4.0,4.0,4.0,4
000622XA_Sa_1.4g,5.696513322530179,13.734,4.0,4.0,4.0,4.0,4.0,4.0,4.0,4.0,4
000622XA_Sa_1.5g,6.103407131282336,14.715,4.0,4.0,4.0,4.0,4.0,4.0,4.0,4.0,4
000766XA_Sa_0.1g,0.8871447841585408,0.9810000000000001,0.0,0.0,0.0,0.0,0.0,0.0,0.0,0.0,0
000766XA_Sa_0.2g,1.7742895683170816,1.9620000000000002,0.0,0.0,0.0,0.0,0.0,0.0,0.0,0.0,0
000766XA_Sa_0.3g,2.6614343524756223,2.943,0.0,0.0,0.0,0.0,0.0,0.0,0.0,0.0,1
000766XA_Sa_0.4g,3.5485791366341632,3.9240000000000004,0.0,0.0,0.0,0.0,0.0,0.0,0.0,0.0,1
000766XA_Sa_0.5g,4.435723920792704,4.905,0.0,0.0,0.0,0.0,0.0,1.0,0.0,0.0,2
000766XA_Sa_0.6g,5.322868704951245,5.886,2.0,0.0,0.0,0.0,0.0,2.0,0.0,0.0,2
000766XA_Sa_0.7g,6.210013489109786,6.867,2.0,2.0,0.0,0.0,0.0,3.0,0.0,0.0,2
000766XA_Sa_0.8g,7.0971582732683265,7.848000000000001,3.0,2.0,0.0,2.0,3.0,3.0,0.0,0.0,3
000766XA_Sa_0.9g,7.984303057426867,8.829,4.0,3.0,0.0,2.0,4.0,4.0,0.0,0.0,3
000766XA_Sa_1.0g,8.871447841585407,9.81,4.0,4.0,0.0,3.0,4.0,4.0,0.0,0.0,3
000766XA_Sa_1.1g,9.75859262574395,10.791000000000002,4.0,4.0,0.0,3.0,4.0,4.0,0.0,0.0,4
000766XA_Sa_1.2g,10.64573740990249,11.772,4.0,4.0,0.0,3.0,4.0,4.0,0.0,0.0,4
000766XA_Sa_1.3g,11.532882194061031,12.753000000000002,4.0,4.0,0.0,4.0,4.0,4.0,0.0,0.0,4
000766XA_Sa_1.4g,12.420026978219571,13.734,4.0,4.0,2.0,4.0,4.0,4.0,0.0,0.0,4
000766XA_Sa_1.5g,13.307171762378111,14.715,4.0,4.0,2.0,4.0,4.0,4.0,0.0,0.0,4
000948XA_Sa_0.1g,0.6573510928420421,0.9810000000000001,0.0,0.0,0.0,0.0,0.0,0.0,0.0,0.0,0
000948XA_Sa_0.2g,1.3147021856840841,1.9620000000000002,0.0,0.0,0.0,0.0,0.0,0.0,0.0,0.0,0
000948XA_Sa_0.3g,1.9720532785261264,2.943,0.0,0.0,0.0,0.0,0.0,0.0,0.0,0.0,1
000948XA_Sa_0.4g,2.6294043713681683,3.9240000000000004,0.0,0.0,0.0,0.0,0.0,0.0,0.0,0.0,1
000948XA_Sa_0.5g,3.2867554642102106,4.905,0.0,0.0,0.0,0.0,0.0,0.0,0.0,0.0,2
000948XA_Sa_0.6g,3.944106557052253,5.886,0.0,0.0,0.0,0.0,0.0,0.0,0.0,0.0,2
000948XA_Sa_0.7g,4.601457649894295,6.867,0.0,0.0,0.0,0.0,0.0,0.0,0.0,0.0,2
000948XA_Sa_0.8g,5.258808742736337,7.848000000000001,0.0,0.0,0.0,2.0,0.0,0.0,0.0,0.0,2
000948XA_Sa_0.9g,5.916159835578379,8.829,0.0,0.0,0.0,2.0,0.0,0.0,0.0,0.0,3
000948XA_Sa_1.0g,6.573510928420421,9.81,2.0,0.0,2.0,3.0,0.0,1.0,0.0,0.0,3
000948XA_Sa_1.1g,7.230862021262464,10.791000000000002,2.0,0.0,2.0,4.0,0.0,2.0,0.0,0.0,4
000948XA_Sa_1.2g,7.888213114104506,11.772,4.0,2.0,2.0,4.0,0.0,3.0,0.0,0.0,4
000948XA_Sa_1.3g,8.545564206946548,12.753000000000002,4.0,3.0,3.0,4.0,0.0,4.0,0.0,0.0,4
000948XA_Sa_1.4g,9.20291529978859,13.734,4.0,4.0,4.0,4.0,4.0,4.0,0.0,0.0,4
000948XA_Sa_1.5g,9.860266392630631,14.715,4.0,4.0,4.0,4.0,4.0,4.0,0.0,0.0,4
000990XA_Sa_0.1g,0.6243916446836093,0.9810000000000001,0.0,0.0,0.0,0.0,0.0,0.0,0.0,0.0,0
000990XA_Sa_0.2g,1.2487832893672186,1.9620000000000002,0.0,0.0,0.0,0.0,0.0,0.0,0.0,0.0,0
000990XA_Sa_0.3g,1.8731749340508277,2.943,0.0,0.0,0.0,0.0,0.0,0.0,0.0,0.0,1
000990XA_Sa_0.4g,2.497566578734437,3.9240000000000004,0.0,0.0,0.0,0.0,0.0,0.0,0.0,0.0,1
000990XA_Sa_0.5g,3.1219582234180465,4.905,0.0,0.0,0.0,0.0,0.0,0.0,0.0,0.0,1
000990XA_Sa_0.6g,3.7463498681016554,5.886,0.0,0.0,0.0,0.0,0.0,0.0,0.0,0.0,1
000990XA_Sa_0.7g,4.370741512785265,6.867,0.0,0.0,0.0,0.0,0.0,0.0,0.0,0.0,1
000990XA_Sa_0.8g,4.995133157468874,7.848000000000001,0.0,0.0,0.0,0.0,0.0,0.0,0.0,0.0,2
000990XA_Sa_0.9g,5.619524802152483,8.829,0.0,0.0,0.0,0.0,0.0,0.0,0.0,0.0,2
000990XA_Sa_1.0g,6.243916446836093,9.81,0.0,0.0,0.0,0.0,0.0,1.0,0.0,0.0,2
000990XA_Sa_1.1g,6.868308091519702,10.791000000000002,0.0,0.0,0.0,2.0,0.0,1.0,0.0,0.0,2
000990XA_Sa_1.2g,7.492699736203311,11.772,0.0,0.0,0.0,2.0,0.0,2.0,0.0,0.0,2
000990XA_Sa_1.3g,8.11709138088692,12.753000000000002,0.0,0.0,0.0,3.0,0.0,2.0,0.0,0.0,2
000990XA_Sa_1.4g,8.74148302557053,13.734,0.0,0.0,0.0,3.0,0.0,3.0,0.0,0.0,3
000990XA_Sa_1.5g,9.365874670254138,14.715,2.0,2.0,0.0,3.0,0.0,3.0,0.0,0.0,3
001313XA_Sa_0.1g,0.4837843568102989,0.9810000000000001,0.0,0.0,0.0,0.0,0.0,0.0,0.0,0.0,0
001313XA_Sa_0.2g,0.9675687136205978,1.9620000000000002,0.0,0.0,0.0,0.0,0.0,0.0,0.0,0.0,0
001313XA_Sa_0.3g,1.4513530704308966,2.943,0.0,0.0,0.0,0.0,0.0,0.0,0.0,0.0,1
001313XA_Sa_0.4g,1.9351374272411956,3.9240000000000004,0.0,0.0,0.0,0.0,0.0,0.0,0.0,0.0,1
001313XA_Sa_0.5g,2.4189217840514945,4.905,0.0,0.0,0.0,0.0,0.0,0.0,0.0,0.0,1
001313XA_Sa_0.6g,2.902706140861793,5.886,0.0,0.0,0.0,0.0,0.0,0.0,0.0,0.0,1
001313XA_Sa_0.7g,3.386490497672092,6.867,0.0,0.0,0.0,0.0,0.0,0.0,0.0,0.0,1
001313XA_Sa_0.8g,3.8702748544823913,7.848000000000001,0.0,0.0,0.0,0.0,0.0,0.0,0.0,0.0,1
001313XA_Sa_0.9g,4.35405921129269,8.829,2.0,0.0,0.0,0.0,0.0,2.0,0.0,0.0,2
001313XA_Sa_1.0g,4.837843568102989,9.81,3.0,2.0,0.0,0.0,1.0,3.0,0.0,0.0,2
001313XA_Sa_1.1g,5.3216279249132885,10.791000000000002,3.0,2.0,0.0,0.0,2.0,3.0,0.0,0.0,2
001313XA_Sa_1.2g,5.805412281723586,11.772,4.0,4.0,0.0,0.0,2.0,4.0,0.0,0.0,2
001313XA_Sa_1.3g,6.289196638533886,12.753000000000002,4.0,4.0,2.0,2.0,0.0,4.0,0.0,0.0,2
001313XA_Sa_1.4g,6.772980995344184,13.734,4.0,4.0,3.0,3.0,0.0,4.0,0.0,0.0,2
001313XA_Sa_1.5g,7.256765352154483,14.715,4.0,4.0,3.0,3.0,0.0,4.0,0.0,3.0,2
001715XA_Sa_0.1g,0.35814094091234533,0.9810000000000001,0.0,0.0,0.0,0.0,0.0,0.0,0.0,0.0,0
001715XA_Sa_0.2g,0.7162818818246907,1.9620000000000002,0.0,0.0,0.0,0.0,0.0,0.0,0.0,0.0,0
001715XA_Sa_0.3g,1.0744228227370358,2.943,0.0,0.0,0.0,0.0,0.0,0.0,0.0,0.0,1
001715XA_Sa_0.4g,1.4325637636493813,3.9240000000000004,0.0,0.0,0.0,0.0,0.0,0.0,0.0,0.0,1
001715XA_Sa_0.5g,1.7907047045617266,4.905,0.0,0.0,0.0,0.0,0.0,0.0,0.0,0.0,1
001715XA_Sa_0.6g,2.1488456454740716,5.886,0.0,0.0,0.0,0.0,0.0,0.0,0.0,0.0,2
001715XA_Sa_0.7g,2.506986586386417,6.867,0.0,0.0,0.0,0.0,0.0,0.0,0.0,0.0,2
001715XA_Sa_0.8g,2.8651275272987626,7.848000000000001,0.0,0.0,0.0,0.0,0.0,0.0,0.0,0.0,2
001715XA_Sa_0.9g,3.223268468211108,8.829,0.0,0.0,0.0,0.0,0.0,1.0,0.0,0.0,2
001715XA_Sa_1.0g,3.581409409123453,9.81,0.0,0.0,0.0,0.0,0.0,1.0,0.0,0.0,2
001715XA_Sa_1.1g,3.939550350035799,10.791000000000002,0.0,0.0,0.0,0.0,0.0,2.0,0.0,0.0,2
001715XA_Sa_1.2g,4.297691290948143,11.772,0.0,0.0,0.0,0.0,0.0,2.0,0.0,0.0,2
001715XA_Sa_1.3g,4.655832231860489,12.753000000000002,0.0,2.0,0.0,0.0,0.0,3.0,0.0,0.0,2
001715XA_Sa_1.4g,5.013973172772834,13.734,2.0,2.0,0.0,0.0,0.0,3.0,0.0,0.0,2
001715XA_Sa_1.5g,5.37211411368518,14.715,2.0,3.0,2.0,0.0,0.0,3.0,0.0,0.0,2
002015XA_Sa_0.1g,1.0341300604521866,0.9810000000000001,0.0,0.0,0.0,0.0,0.0,0.0,0.0,0.0,0
002015XA_Sa_0.2g,2.068260120904373,1.9620000000000002,0.0,0.0,0.0,0.0,0.0,0.0,0.0,0.0,0
002015XA_Sa_0.3g,3.10239018135656,2.943,0.0,0.0,0.0,0.0,0.0,0.0,0.0,0.0,1
002015XA_Sa_0.4g,4.136520241808746,3.9240000000000004,0.0,0.0,0.0,0.0,0.0,1.0,0.0,0.0,1
002015XA_Sa_0.5g,5.170650302260933,4.905,0.0,0.0,0.0,0.0,0.0,2.0,0.0,0.0,1
002015XA_Sa_0.6g,6.20478036271312,5.886,2.0,2.0,0.0,0.0,0.0,3.0,0.0,0.0,2
002015XA_Sa_0.7g,7.238910423165307,6.867,2.0,2.0,0.0,0.0,3.0,3.0,0.0,0.0,2
002015XA_Sa_0.8g,8.273040483617493,7.848000000000001,4.0,4.0,3.0,3.0,4.0,4.0,0.0,0.0,2
002015XA_Sa_0.9g,9.307170544069681,8.829,4.0,4.0,3.0,3.0,4.0,4.0,0.0,3.0,3
002015XA_Sa_1.0g,10.341300604521866,9.81,4.0,4.0,4.0,4.0,4.0,4.0,3.0,4.0,3
002015XA_Sa_1.1g,11.375430664974054,10.791000000000002,4.0,4.0,3.0,4.0,4.0,4.0,0.0,4.0,3
002015XA_Sa_1.2g,12.40956072542624,11.772,4.0,4.0,4.0,4.0,4.0,4.0,4.0,4.0,3
002015XA_Sa_1.3g,13.443690785878426,12.753000000000002,4.0,4.0,4.0,4.0,4.0,4.0,3.0,4.0,3
002015XA_Sa_1.4g,14.477820846330614,13.734,4.0,4.0,4.0,4.0,4.0,4.0,4.0,4.0,4
002015XA_Sa_1.5g,15.5119509067828,14.715,4.0,4.0,4.0,4.0,4.0,4.0,4.0,4.0,4
003802XA_Sa_0.1g,1.1181240490200668,0.9810000000000001,0.0,0.0,0.0,0.0,0.0,0.0,0.0,0.0,0
003802XA_Sa_0.2g,2.2362480980401336,1.9620000000000002,0.0,0.0,0.0,0.0,0.0,0.0,0.0,0.0,0
003802XA_Sa_0.3g,3.3543721470602,2.943,0.0,0.0,0.0,0.0,0.0,0.0,0.0,0.0,1
003802XA_Sa_0.4g,4.472496196080267,3.9240000000000004,0.0,0.0,0.0,0.0,0.0,0.0,0.0,0.0,1
003802XA_Sa_0.5g,5.590620245100334,4.905,0.0,0.0,0.0,0.0,0.0,0.0,0.0,0.0,2
003802XA_Sa_0.6g,6.7087442941204,5.886,0.0,0.0,0.0,0.0,0.0,0.0,0.0,0.0,2
003802XA_Sa_0.7g,7.826868343140467,6.867,0.0,0.0,0.0,0.0,0.0,0.0,0.0,0.0,2
003802XA_Sa_0.8g,8.944992392160534,7.848000000000001,0.0,0.0,0.0,2.0,0.0,0.0,0.0,0.0,2
003802XA_Sa_0.9g,10.063116441180602,8.829,0.0,0.0,2.0,2.0,0.0,0.0,0.0,0.0,3
003802XA_Sa_1.0g,11.181240490200668,9.81,0.0,0.0,2.0,2.0,0.0,0.0,0.0,0.0,3
003802XA_Sa_1.1g,12.299364539220736,10.791000000000002,0.0,0.0,3.0,3.0,0.0,0.0,0.0,0.0,3
003802XA_Sa_1.2g,13.4174885882408,11.772,0.0,0.0,3.0,3.0,0.0,1.0,0.0,0.0,4
003802XA_Sa_1.3g,14.535612637260868,12.753000000000002,0.0,0.0,4.0,4.0,0.0,0.0,0.0,0.0,4
003802XA_Sa_1.4g,15.653736686280935,13.734,0.0,0.0,4.0,4.0,0.0,0.0,0.0,0.0,4
003802XA_Sa_1.5g,16.771860735301004,14.715,0.0,0.0,4.0,4.0,0.0,1.0,0.0,0.0,4
005651XA_Sa_0.1g,0.8749098910021591,0.9810000000000001,0.0,0.0,0.0,0.0,0.0,0.0,0.0,0.0,0
005651XA_Sa_0.2g,1.7498197820043182,1.9620000000000002,0.0,0.0,0.0,0.0,0.0,0.0,0.0,0.0,0
005651XA_Sa_0.3g,2.624729673006477,2.943,0.0,0.0,0.0,0.0,0.0,0.0,0.0,0.0,1
005651XA_Sa_0.4g,3.4996395640086364,3.9240000000000004,0.0,0.0,0.0,0.0,0.0,0.0,0.0,0.0,1
005651XA_Sa_0.5g,4.374549455010795,4.905,0.0,0.0,0.0,0.0,0.0,0.0,0.0,0.0,1
005651XA_Sa_0.6g,5.249459346012954,5.886,0.0,0.0,0.0,0.0,0.0,0.0,0.0,0.0,2
005651XA_Sa_0.7g,6.124369237015113,6.867,0.0,0.0,0.0,0.0,0.0,0.0,0.0,0.0,2
005651XA_Sa_0.8g,6.999279128017273,7.848000000000001,0.0,0.0,0.0,0.0,0.0,0.0,0.0,0.0,2
005651XA_Sa_0.9g,7.874189019019433,8.829,0.0,0.0,0.0,0.0,0.0,0.0,0.0,0.0,2
005651XA_Sa_1.0g,8.74909891002159,9.81,0.0,0.0,2.0,0.0,0.0,0.0,0.0,0.0,2
005651XA_Sa_1.1g,9.62400880102375,10.791000000000002,0.0,0.0,2.0,2.0,0.0,0.0,0.0,0.0,2
005651XA_Sa_1.2g,10.498918692025908,11.772,0.0,0.0,2.0,2.0,0.0,0.0,0.0,0.0,2
005651XA_Sa_1.3g,11.373828583028068,12.753000000000002,0.0,0.0,2.0,2.0,0.0,0.0,0.0,0.0,3
005651XA_Sa_1.4g,12.248738474030226,13.734,0.0,0.0,2.0,2.0,0.0,0.0,0.0,0.0,3
005651XA_Sa_1.5g,13.123648365032386,14.715,0.0,0.0,3.0,2.0,0.0,0.0,0.0,0.0,3
006040XA_Sa_0.1g,1.0535863744594753,0.9810000000000001,0.0,0.0,0.0,0.0,0.0,0.0,0.0,0.0,0
006040XA_Sa_0.2g,2.1071727489189507,1.9620000000000002,0.0,0.0,0.0,0.0,0.0,2.0,0.0,0.0,1
006040XA_Sa_0.3g,3.160759123378426,2.943,3.0,4.0,0.0,0.0,3.0,4.0,0.0,0.0,1
006040XA_Sa_0.4g,4.214345497837901,3.9240000000000004,3.0,4.0,0.0,2.0,0.0,4.0,0.0,0.0,2
006040XA_Sa_0.5g,5.2679318722973765,4.905,4.0,4.0,2.0,2.0,3.0,4.0,0.0,0.0,2
006040XA_Sa_0.6g,6.321518246756852,5.886,4.0,4.0,4.0,4.0,4.0,4.0,0.0,0.0,3
006040XA_Sa_0.7g,7.375104621216327,6.867,4.0,4.0,4.0,4.0,4.0,4.0,0.0,0.0,2
006040XA_Sa_0.8g,8.428690995675803,7.848000000000001,4.0,4.0,4.0,4.0,4.0,4.0,0.0,0.0,2
006040XA_Sa_0.9g,9.482277370135277,8.829,4.0,4.0,4.0,4.0,4.0,4.0,0.0,1.0,3
006040XA_Sa_1.0g,10.535863744594753,9.81,4.0,4.0,4.0,4.0,4.0,4.0,4.0,4.0,3
006040XA_Sa_1.1g,11.589450119054229,10.791000000000002,4.0,4.0,4.0,4.0,4.0,4.0,4.0,3.0,2
006040XA_Sa_1.2g,12.643036493513703,11.772,4.0,4.0,4.0,4.0,4.0,4.0,4.0,3.0,3
006040XA_Sa_1.3g,13.69662286797318,12.753000000000002,4.0,4.0,4.0,4.0,4.0,4.0,4.0,3.0,3
006040XA_Sa_1.4g,14.750209242432653,13.734,4.0,4.0,4.0,4.0,4.0,4.0,4.0,4.0,4
006040XA_Sa_1.5g,15.803795616892128,14.715,4.0,4.0,4.0,4.0,4.0,4.0,4.0,4.0,4
006115XA_Sa_0.1g,0.5818068054452663,0.9810000000000001,0.0,0.0,0.0,0.0,0.0,0.0,0.0,0.0,0
006115XA_Sa_0.2g,1.1636136108905326,1.9620000000000002,0.0,0.0,0.0,0.0,0.0,0.0,0.0,0.0,0
006115XA_Sa_0.3g,1.745420416335799,2.943,0.0,0.0,0.0,0.0,0.0,0.0,0.0,0.0,1
006115XA_Sa_0.4g,2.3272272217810652,3.9240000000000004,0.0,0.0,0.0,0.0,0.0,0.0,0.0,0.0,1
006115XA_Sa_0.5g,2.9090340272263315,4.905,0.0,0.0,0.0,0.0,0.0,0.0,0.0,0.0,1
006115XA_Sa_0.6g,3.490840832671598,5.886,0.0,0.0,0.0,0.0,0.0,0.0,0.0,0.0,1
006115XA_Sa_0.7g,4.072647638116863,6.867,0.0,0.0,0.0,0.0,0.0,0.0,0.0,0.0,1
006115XA_Sa_0.8g,4.6544544435621305,7.848000000000001,0.0,0.0,0.0,0.0,0.0,1.0,0.0,0.0,2
006115XA_Sa_0.9g,5.236261249007397,8.829,0.0,0.0,0.0,0.0,0.0,2.0,0.0,0.0,2
006115XA_Sa_1.0g,5.818068054452663,9.81,2.0,0.0,0.0,0.0,0.0,2.0,0.0,0.0,2
006115XA_Sa_1.1g,6.399874859897929,10.791000000000002,2.0,0.0,0.0,0.0,0.0,2.0,0.0,0.0,2
006115XA_Sa_1.2g,6.981681665343196,11.772,2.0,0.0,0.0,2.0,0.0,2.0,0.0,0.0,3
006115XA_Sa_1.3g,7.563488470788462,12.753000000000002,2.0,0.0,2.0,2.0,0.0,2.0,0.0,0.0,3
006115XA_Sa_1.4g,8.145295276233727,13.734,2.0,2.0,2.0,3.0,1.0,3.0,0.0,0.0,4
006115XA_Sa_1.5g,8.727102081678993,14.715,3.0,2.0,4.0,4.0,2.0,3.0,0.0,0.0,4
006131XA_Sa_0.1g,0.3343577845784607,0.9810000000000001,0.0,0.0,0.0,0.0,0.0,0.0,0.0,0.0,0
006131XA_Sa_0.2g,0.6687155691569214,1.9620000000000002,0.0,0.0,0.0,0.0,0.0,0.0,0.0,0.0,0
006131XA_Sa_0.3g,1.0030733537353822,2.943,0.0,0.0,0.0,0.0,0.0,0.0,0.0,0.0,1
006131XA_Sa_0.4g,1.3374311383138429,3.9240000000000004,0.0,0.0,0.0,0.0,0.0,0.0,0.0,0.0,1
006131XA_Sa_0.5g,1.6717889228923035,4.905,0.0,0.0,0.0,0.0,0.0,0.0,0.0,0.0,1
006131XA_Sa_0.6g,2.0061467074707644,5.886,0.0,0.0,0.0,0.0,0.0,0.0,0.0,0.0,2
006131XA_Sa_0.7g,2.340504492049225,6.867,0.0,0.0,0.0,0.0,0.0,0.0,0.0,0.0,2
006131XA_Sa_0.8g,2.6748622766276857,7.848000000000001,0.0,0.0,2.0,2.0,0.0,0.0,0.0,0.0,2
006131XA_Sa_0.9g,3.009220061206147,8.829,0.0,0.0,2.0,2.0,0.0,0.0,0.0,0.0,2
006131XA_Sa_1.0g,3.343577845784607,9.81,0.0,0.0,3.0,3.0,0.0,0.0,0.0,0.0,2
006131XA_Sa_1.1g,3.677935630363068,10.791000000000002,0.0,0.0,3.0,3.0,0.0,0.0,0.0,0.0,2
006131XA_Sa_1.2g,4.012293414941529,11.772,0.0,0.0,4.0,3.0,0.0,0.0,0.0,0.0,2
006131XA_Sa_1.3g,4.3466511995199895,12.753000000000002,0.0,0.0,4.0,4.0,0.0,0.0,0.0,0.0,2
006131XA_Sa_1.4g,4.68100898409845,13.734,0.0,0.0,4.0,4.0,0.0,1.0,0.0,0.0,3
006131XA_Sa_1.5g,5.015366768676911,14.715,0.0,0.0,4.0,4.0,0.0,1.0,0.0,0.0,3
